ADERKLA;A;Aderklaa ;liegt im Marchfeld ca. 18 km nordöstlich von Wien gleich neben Deutsch-Wagram ;is a little village in the western part (Marchfeld) of Austria;
BADEN;A;Baden ;ist ein Kurort südlich von Wien. ;is a Spa south of Vienna;
BADHALL;A;Bad_Hall ;liegt in Oberösterreich an der B 139/B 122 südlich von Linz ;is a Spa in Upper Austria;
BERWANG;A;Berwang;;;
BOEHMEN;C;Böhmen ;Böhmen liegt im südlichen Teil Tschechiens ;Bohemia (Böhmen) is a part of the Check Republic;
BRAUNSD;D;Braunsdorf ;Liegt in Sachsen nordwestlich von Chemnitz;lies in saxonia noth westerly of Chemnitz;
BRAITEN;A;Breitenwaida ;ist ein kleines Bauerndörfchen ca. 6 km südlich von Hollabrunn in NÖ ;is a little village in the northern part of Austria (Niederösterreich);
BREITEN;A;Breitenwang;liegt bei Reutte in TIrol;lies near Reutte In Tyrol;
BRESLAU;P;Breslau ; (Wroclav) ist eine Stadz in Polen; (Wroclav) is a town in Poland;
BUDAPES;H;Budapest ;ist die Hauptstadt von Ungarn ;is the Hungarian capital;
BULFLIN;A;Bulflings ;ist ein kleines Nest in der Nähe von Reutte in Tirol ;is a tiny village near Reutte in Tyrol;
DEUTSCH;A;Deutsch-Wagram;ist eine Marktgemeinde im Marchfeld;is a village in the Marchfeld just east of Vienna;
DORTMUN;D;Dortmund;ist eine Stadt in Nordrhein-Westfalen bekannt für ihre Brauerei;is a brewery town in Northrhine-Westfalia;
DRAHUTU;C;Drahutusch;(Mährisch Weißkirchen) liegt in Tschechien westlich von Olmütz;is located in the Check republic west of Olmuetz;
DUERNKR;A;Dürnkrut; ist eine Grenzsiedlung an der March in NÖ;is a small village on the border between Austria and the Check republic;
FELDKIR;A;Feldkirch ;liegt in VOrarlberg südlich vom Bodensee;lies in Vorarlberg in Auistria south of the Bodensee;
FRAUEND;A;Frauendorf ;liegt westlich von Traismauer in Niederösterreich ; is a viollage in Lower Austria;
FRIEDSD;A;Friedsdorf ; ;;
FRIESAC;A;Friesach (Kärnten);ist ein kleines Dorf nahe der Steirischen Grenze;is a small village in Carinthia;
GAISRUC;A;Gaisruck ;ist ein kleines Bauerndorf 6 km nördlich von Tulln in NÖ ;is a little village in the northern part of Austria;
GARS;A;Gars am Kamp;liegt in Niederösterreich südlich von Horn;lies in a valley in LOwer Austria;
GETTSDO;A;Gettsdorf ;ist ein kleines Bauernnest 14 km westlich von Hollabrunn in NÖ ;is a tiny village in Lower Austria;
GLEIWIT;C;Gleiwitz ;(Gliwice) liegt in SChlesien ca. 80 km westlich von Krakau (Krakow) ;is located in Poland about 60mi west of Krakow;
GRAZ;A;Graz ;ist die Hauptstadt der Steiermark ;is the capital of Styria;
GROISSE;A;Groissenbrunn;liegt im Marchfeld westlich von Schlosshof;lies in the Marchfels east of Vienna;
GROSSGE;A;Gross_Gerungs; liegt im Waldviertel;lies in the 'Waldviertel' (wood region) in Lower Austria ;
HAINFEL;A;Hainfeld ;liegt im Gölsental im Bezirk Lilienfeld in Niederösterreich;is a small village in the Gölsen valley in Lower Austria;
HAESELG;A;Häselgehr ;ist eine kleine Gemeinde im Lechtal ;is a small village in the Lech valley in Tyrol;
HERFORD;D;Herford ;ist eine Stadt in Westfalen ;is a town in Westfalia in Germany;
HOFEN;A;Hofen bei Kappl ; ;;
HOHENTH;A;Hohenthan ;liegt in Bayern nördlich von Landshut ;lies in Bavaria north of Landshut;
HOLITZM;C;Holitz ;(Holice) liegt in Mähren ca. 80 km südöstlich von Brünn an der E442 ;(Holice) lies in the Check republic 60mi south of Brno;
HOLLAND;N;Holland ; ;;
INNSBRU;A;Innsbruck ;ist die Hauptsatdt von Tirol;is the capital of Tyrol;
IRAN;I;Iran ; ;;
JAEGERN;C;Jägerndorf ;(Krnov) liegt in Schlesien an der Oppa ca. 100 km nordöstlich von Brünn ; (Krnov) is located 80mi north east of Brno in the Check republic;
KALZHOF;D;Kalzhofen ;liegt im Allgäu in Deutschland ;liues in the Allgäu region in southern Germany;
KAPPL;A;Kappl ;liegt in Tirol an der Silvrettastrasse ;lies in Tyrol on the way to Italy;
KELMEN;A;Kelmen in Tirol;ist ein winziger Ort in einem entlegenen Tal westlich des Fernpasses;a miniscule village in a most remote valley in Tyrol;
KEMPTEN;D;Kempten ; ist eine Stadt im Allgäu ;is a town in the Allgäu region in southern Germany;
KIRCHBE;A;Kirchberg am Wechsel ;liegt südlich von Gloggnitz in NÖ ;is a town located on a mountain road from Lower Austria to Styria;
KOENIGS;A;Königstet ; ;;
KRIEGEN;A;Kriegenreith ;ist ein kleines Dorf östlich vom Kamptal an der B1244 ;is a tiny village near the Kamp valley in Lower Austria on the B1244;
KROTTEN;A;Krottendorf ; ;;
LANDSKR;C;Landskron ;(Lanskroun) liegt ca. 100 km nördlich von Brünn an der B43 nahe Böhm. Trübau ;is located 70mi north of Brno in the Check republic;
LEOPOLD;A;Leopoldsdorf ;liegt in NÖ im Marchfeld 9 km nördlich von Orth an der Donau ;is a little village in the northern part of Austria (Niederösterreich) near the Danube;
LONDON;E;London ;ist die Hauptstadt von Großbritannien ;is the Capital of Great Britain;
LOSANGE;U;Los Angeles ;ist eine Metropole in Kalifornien ;is a major city in California;
LUSTHEI;D;Lustheim ;Ist eine kleine Ansiedlung nahe München mit einem schönen Schloß;is a small village near Munich with abeautiful castle;
MARIADR;A;Maria_Dreieichen ;ist eine kleine Stadt in Niederösterreich mit einer barocken Basilika ;is a small town in Lower Austria featuring a a baroque Basilika (church);
MEZERIC;H;Mezeric ;ist eine Stadt in der Tschechei östlich von Olmütz ;is a Check town east of Olmuetz (famous for its cheese);
MITTERS;A;Mitterstockstall ;liegt nördlich der Donau nahe Kirchberg am Wagram;lies noth of the Danuibe in Lower Austria;
MUENCHE;D;Mnchen ;ist die Landeshauptstadt von Bayern ;is the capital of Bavaria, Germany;
NEUSTAD;C;Neustadl bei Brünn;(Nove Mesto na MOrave) liegt in Tschechien nordwestlich von Brünn;is located in the Check republic north west of Brno (Brünn).;
NEWYORK;U;New_York ;ist die größte Metropole an der Ostküste der USA ;is ametropoly on thge eastern coast of the USA;
NIEDERO;A;Niederösterreich;ist ein rund um Wien gelegenes Bundesland;(Lower Austria) is the region around Vienna;
NIEDERR;A;Niederrussbach ;ist ein Bauernnest genau zwischen Tulln und Hollabrunn in NÖ ;is a tiny village in Lower Austria;
OBERBOB;C;Oberbobrau ;(Bobrova) liegt ca. 60 km nordwestlich von Brünn bei Gr. Merseritsch ;is located 40mi north west of Brno in the Check republic;
OBERSTA;A;Oberstaufen ;ist eine Stadt im Allgäu in Deutschland ;is a town in the Allgäu region in the south of Germany;
OBEROES;A;Oberösterreich;ist ein Bundesland im Norden Österreichs;(Upper Austria) is a county in the north of Austria;
OESTERR;A;Österreich;;;
OLMUETZ;C;Olmütz ;liegt in Tschechien und ist bekannt für den 'gut' riechenden 'Quargel' Käse ;is located in the Check republic and is famous for a strong smelling cheese ('Quargel');
PARBASD;A;Parbasdorf ;ist ein Bauernnest in Niederösterreich in der Nähe von Deutsch-Wagram ;is a smallholding in the Marchfeld east of Vienna ;
PARIS;F;Paris ;ist die Hauptstadt von Frankreich und als 'Stadt der Liebe' bekannt;is the capital of France and known as the city of love ;;
PETTEND;A;Pettendorf;ist ein kleines DOrf nördlich der Donau ion Niederösterreich;is a small village north of the Danube in LOwer Austria;
PFARRKI;D;Pfarrkirchen ;ist ein Dorf im Bayrischen Wald nördlich von Braunau ;is a village in the Bavarian forest near the Austrian border;
PFUNDS;A;Pfunds;ist eine Ortschaft in Tirol nahe der Grenze zur Schweiz und zu Italien;is located in Tyrol near the Swiss and Italien border;
POLEN;P;Polen;;;
POOLE;E;Poole ;ist eine Stadt in Dorset an der Südküste Englands. ;is a seaside town on the southern coast of England;
PRAG;C;Prag ;ist die Hauptstadt der Tschechei ;is the capital of the Check republic;
PRUTZ;A;Prutz ;ist eien Ortschaft in Tirol am Oberlauf des Inns ;is a village in Tyrol in the upper Inn valley;
PUDDLET;E;Puddletown;ist ein kleines Dorf in Dorset in England bekannt durch die Märtyrer von Tolpuddle;is a small village in Dorset quite near the Tolpuddle martyr's place;
REUTTE;A;Reutte;ist eine Gemeinde in Tirol westlich des Plansees;is a small town in Tyrol located near the lake 'Plansee';
RODENKI;D;Rodenkirchen;ist eine Kleinstadt in der Nähe von Köln;is a town near Cologne in Germany;
ROTLECH;A;Rotlech;ist eine aus wenigen Häusern bestehende Siedlung an einem rechten Nebenfluss des Lechs in Tirol;is a holding of a few houses on a small sidearm of the Lech river in Tyrol;
SALZBUR;A;Salzburg ;ist ein Österreichisches Bundesland, das an Deutschlanf grenzt ;is an Austrian county borderin on Germany;
SAULGAU;A;Saulgau ;ist ein Gebiet nördlich des Bodensees;is a region north of the lake Bodensee in Germany;
SCHRATT;A;Schrattenberg ;liegt in NÖ ca. 8 km nordöstlich von Poysdorf an der tschechischen Grenze ;is a small Austrian village near the Chech border;
SCHWARZ;A;Schwarzach_St.Veit;liegt südlich von Salzburg im Pongau;is located south of Salzburg in the 'Pongau' region in Austria;
SCHWEIG;A;Schweiggers ;ist ein kleiner Ort 10 km nordwestlich von Zwettl in NÖ. ;is a little village in the northern part of Austria (Niederösterreich);
SPANNBE;A;Spannberg ;liegt in NÖ im Weinviertel zwischen Gänserndorf und Zistersdorf ;is a little village amongst vinyards in the northern part of Austria (Niederösterreich);
STAUFEN;D;Staufen ;liegt westlich des Rheins im Breisgau in Deutschland ;lies west of the river Rhein in Germany in the 'Breisgau' region;
STETTEL;A;Stetteldorf;liegt nördlich der Donau in Niederösterreich;lies north of the Danube in Lower Austria;
STIEFEN;A;Stiefenhofen;ist ein kleines DOrf im Allgäu in Deutschland;is a small village in the Allgäu region in southern Germany;
STOCKER;A;Stockerau ;liegt in NÖ nahe der Donau am östlichen Ende des Tullnerfeldes ;is a little village in the northern part of Austria (Niederösterreich);
STOCKAC;A;Stockach;ist eine Ortschaft nördlich des Bodensees in Deutschland;is a village north of lake 'Bodensee' in Germany;
STPOELT;A;St.Pölten ;ist die Landeshauptstadt von Niederösterreich ;is the capital of Lower Austria;
STREHLE;P;Strehlen in Schlesien ;(strzelin) ist eine Stadt südlich von Warschau in Polen ;is located south of Warsaw in Poland;
STROTLA;A;Strotlach;;;
TARVIS;I;Tarvis in Italien;ist eine Stadt in Norditalien an der Grenze zu Kärnten;is a town in northern Itraly on the border to Carinthia (Austria);
TETTNAN;D;Tettnang ;ist eine Stadt bei Friedrichshafen am Bodensee ;is a town nbear the lake Bodensee in Germany;
TIROL;A;Tirol;ist eines der westlichen Bundesländer von Österreich;is county in the west of Austria;
TSCHECH;A;Tschechien;;;
UNGARN;H;Ungarn ; ;;
UNTERBO;C;Unterbobrau ;(Bobrova) liegt ca. 60 km nordwestlich von Brünn in der Tschechei ; (Krnov) is located 40mi north west of Brno in the Check republic;
UNTERHO;A;Unterhofen; ist ein Ortsteil von Tannheim in Nordtirol;is part of Tannheim in the north of Tyrol;
UTTINGS;C;Uttingsdorf ;liegt in der Nähe von Mährisch Trübau (Mor. Trebova) 90 km nördlich von Brünn. ;is located 70mi north of Brno in the Check republic.;
VALS;A;Vals in Tirol;ist eine kliene Ortschaft in einem Tal nahe des Brennerpasses;is a village in a small valley near the 'Brennerpass' in Tyrol;
WEICHS;A;Weichs;ist eine kleine Ortschaft norwestlich von München;is a small village in the northwest of Munich;
WIEN;A;Wien ;ist die Hauptstadt von Oesterreich. ;(Vienna) is the capital of Austria.;
WIENALS;A;Wien_Alservorstadt ; ;;
WIENFUE;A;Wien_Fnfhaus ; ;;
WIENIII;A;Wien_III ; ;;
WIENSIM;A;Wien_Simmering ; ;;
WOLFSRI;D;Wolfsried ;ist eine kleine Ansiedlund im Allgäu in Deutschland ;is a smallholding in the 'Allgäu' region in Germany;
WOLKERS;A;Wolkersdorf ;ist ein kleines Städtchen im weinviertel;is a small township in the Weinviertel in Lower Austria;
ZAINGRU;A;Zaingrub ;liegt 3 km südöstlich von Horn in NÖ an der E49. ;is a little village in the northern part of Austria (Niederösterreich).;
ZAMS;A;Zams in Tirol ;ist eine Ortschaft in Tirol in der Nähe von Landeck ;is a village in Tyrol near Landeck;
ZIERSDO;A;Ziersdorf;ist ein kleines DOrf nördlich der Donau in Niederösterreich;is a small village north of the Danube in Lower Austria;
ZISSERS;A;Zissersdorf ;ist ein kleines DOrf nördlich der Donau in Niederösterreich;is a small village north of the Danube in Lower Austria;